,fips,province_state,country_region,confirmed,deaths,recovered,active,date,positive,negative,hospitalizedcurrently,hospitalized,hospitalizeddischarged
0,2.0,,,,,,,20210307,56886,,33.0,1293.0,
1,1.0,,,,,,,20210307,499819,1931711.0,494.0,45976.0,
2,5.0,,,,,,,20210307,324818,2480716.0,335.0,14926.0,
3,60.0,,,,,,,20210307,0,2140.0,,,
4,4.0,,,,,,,20210307,826454,3073010.0,963.0,57907.0,118932.0
5,6.0,,,,,,,20210307,3501394,,4291.0,,
6,8.0,,,,,,,20210307,436602,2199458.0,326.0,23904.0,23003.0
7,9.0,,,,,,,20210307,285330,,428.0,12257.0,
8,11.0,,,,,,,20210307,41419,,150.0,,
9,10.0,,,,,,,20210307,88354,545070.0,104.0,,
10,12.0,,,,,,,20210307,1909209,9339038.0,3307.0,82237.0,
11,13.0,,,,,,,20210307,1023487,,2008.0,56797.0,
12,66.0,,,,,,,20210307,7749,112887.0,2.0,,
13,15.0,,,,,,,20210307,28699,,27.0,2226.0,
14,19.0,,,,,,,20210307,282384,1044418.0,167.0,,
15,16.0,,,,,,,20210307,172931,505964.0,150.0,7184.0,
16,17.0,,,,,,,20210307,1198335,,1141.0,,
17,18.0,,,,,,,20210307,667262,2483156.0,656.0,43217.0,434805.0
18,20.0,,,,,,,20210307,295861,974686.0,235.0,9387.0,6473.0
19,21.0,,,,,,,20210307,410709,,558.0,19457.0,
20,22.0,,,,,,,20210307,433785,5261679.0,532.0,,
21,25.0,,,,,,,20210307,591356,4404792.0,665.0,19713.0,
22,24.0,,,,,,,20210307,387319,3034546.0,818.0,35651.0,
23,23.0,,,,,,,20210307,45794,,67.0,1570.0,
24,26.0,,,,,,,20210307,656072,,866.0,,
25,27.0,,,,,,,20210307,490011,3058514.0,224.0,25978.0,
26,29.0,,,,,,,20210307,480643,1878583.0,955.0,,
27,69.0,,,,,,,20210307,145,17429.0,,4.0,
28,28.0,,,,,,,20210307,297581,1459374.0,419.0,9162.0,
29,30.0,,,,,,,20210307,100914,,63.0,4630.0,
30,37.0,,,,,,,20210307,872176,,1179.0,,819839.0
31,38.0,,,,,,,20210307,100391,305912.0,23.0,3880.0,
32,31.0,,,,,,,20210307,203026,771128.0,137.0,6237.0,
33,33.0,,,,,,,20210307,76861,579582.0,68.0,1131.0,
34,34.0,,,,,,,20210307,812609,10186941.0,1792.0,64396.0,77193.0
35,35.0,,,,,,,20210307,186922,,169.0,13252.0,
36,32.0,,,,,,,20210307,296190,1131758.0,399.0,,
37,36.0,,,,,,,20210307,1681169,,4789.0,89995.0,150100.0
38,39.0,,,,,,,20210307,978471,,820.0,50881.0,
39,40.0,,,,,,,20210307,428997,3146300.0,346.0,24332.0,
40,41.0,,,,,,,20210307,157079,,158.0,8714.0,
41,42.0,,,,,,,20210307,948643,3942124.0,1587.0,,
42,72.0,Puerto Rico,US,14.0,0.0,0.0,,20210307,101327,305972.0,147.0,,
43,72.0,Puerto Rico,US,21.0,1.0,0.0,,20210307,101327,305972.0,147.0,,
44,72.0,Puerto Rico,US,23.0,1.0,0.0,0.0,20210307,101327,305972.0,147.0,,
45,72.0,Puerto Rico,US,3.0,0.0,0.0,,20210307,101327,305972.0,147.0,,
46,72.0,Puerto Rico,US,5.0,0.0,0.0,,20210307,101327,305972.0,147.0,,
47,72.0,Puerto Rico,US,5.0,0.0,0.0,,20210307,101327,305972.0,147.0,,
48,44.0,,,,,,,20210307,128121,674515.0,141.0,9020.0,7865.0
49,45.0,,,,,,,20210307,525865,4657179.0,579.0,20725.0,
50,46.0,,,,,,,20210307,113589,314540.0,72.0,6705.0,
51,47.0,,,,,,,20210307,782206,,851.0,18870.0,
52,48.0,,,,,,,20210307,2686818,,4721.0,,
53,49.0,,,,,,,20210307,374850,1560293.0,212.0,14891.0,
54,51.0,,,,,,,20210307,585700,,1127.0,24661.0,48428.0
55,78.0,,,,,,,20210307,2714,46167.0,,,
56,50.0,,,,,,,20210307,16083,320060.0,31.0,,
57,53.0,,,,,,,20210307,344532,,431.0,19599.0,
58,55.0,,,,,,,20210307,621654,2647864.0,249.0,26457.0,
59,54.0,,,,,,,20210307,133445,,179.0,,
60,56.0,,,,,,,20210307,54764,182264.0,21.0,1391.0,
61,2.0,,,,,,,20210306,56886,,33.0,1293.0,
62,1.0,,,,,,,20210306,499411,1929624.0,526.0,45976.0,
63,5.0,,,,,,,20210306,324653,2477449.0,345.0,14915.0,
64,60.0,,,,,,,20210306,0,2140.0,,,
65,4.0,,,,,,,20210306,825119,3059332.0,966.0,57863.0,118674.0
66,6.0,,,,,,,20210306,3497578,,4513.0,,
67,8.0,,,,,,,20210306,435762,2199458.0,326.0,23886.0,23003.0
68,9.0,,,,,,,20210306,285330,,428.0,12257.0,
69,11.0,,,,,,,20210306,41273,,150.0,,
70,10.0,,,,,,,20210306,88139,544153.0,114.0,,
71,12.0,,,,,,,20210306,1905185,9319872.0,3352.0,82145.0,
72,13.0,,,,,,,20210306,1021778,,2071.0,56762.0,
73,66.0,,,,,,,20210306,7749,112887.0,2.0,,
74,15.0,,,,,,,20210306,28646,,27.0,2226.0,
75,19.0,,,,,,,20210306,282127,1043119.0,170.0,,
76,16.0,,,,,,,20210306,172827,505429.0,150.0,7179.0,
77,17.0,,,,,,,20210306,1197267,,1210.0,,
78,18.0,,,,,,,20210306,666516,2478513.0,663.0,43153.0,434718.0
79,20.0,,,,,,,20210306,295861,974686.0,235.0,9387.0,6473.0
80,21.0,,,,,,,20210306,410184,,591.0,19451.0,
81,22.0,,,,,,,20210306,433045,5241101.0,538.0,,
82,25.0,,,,,,,20210306,589931,4396764.0,687.0,19713.0,
83,24.0,,,,,,,20210306,386610,3032496.0,830.0,35572.0,
84,23.0,,,,,,,20210306,45635,,74.0,1566.0,
85,26.0,,,,,,,20210306,656072,,866.0,,
86,27.0,,,,,,,20210306,489116,3050296.0,224.0,25976.0,
87,29.0,,,,,,,20210306,480352,1875633.0,1001.0,,
88,69.0,,,,,,,20210306,144,17429.0,,4.0,
89,28.0,,,,,,,20210306,297321,1459374.0,419.0,9162.0,
90,30.0,,,,,,,20210306,100842,,63.0,4629.0,
91,37.0,,,,,,,20210306,872176,,1179.0,,819839.0
92,38.0,,,,,,,20210306,100357,306021.0,21.0,3878.0,
93,31.0,,,,,,,20210306,202653,770586.0,136.0,6229.0,
94,33.0,,,,,,,20210306,76695,579186.0,90.0,1127.0,
95,34.0,,,,,,,20210306,810090,10186941.0,1862.0,64338.0,76932.0
96,35.0,,,,,,,20210306,186742,,148.0,13242.0,
97,32.0,,,,,,,20210306,295460,1129929.0,399.0,,
98,36.0,,,,,,,20210306,1674380,,4954.0,89995.0,149481.0
99,39.0,,,,,,,20210306,977736,,922.0,50848.0,
100,40.0,,,,,,,20210306,428536,3146300.0,346.0,24277.0,
101,41.0,,,,,,,20210306,156884,,158.0,8714.0,
102,42.0,,,,,,,20210306,946985,3935532.0,1513.0,,
103,72.0,Puerto Rico,US,14.0,0.0,0.0,,20210306,101327,305972.0,147.0,,
104,72.0,Puerto Rico,US,21.0,1.0,0.0,,20210306,101327,305972.0,147.0,,
105,72.0,Puerto Rico,US,23.0,1.0,0.0,0.0,20210306,101327,305972.0,147.0,,
106,72.0,Puerto Rico,US,3.0,0.0,0.0,,20210306,101327,305972.0,147.0,,
107,72.0,Puerto Rico,US,5.0,0.0,0.0,,20210306,101327,305972.0,147.0,,
108,72.0,Puerto Rico,US,5.0,0.0,0.0,,20210306,101327,305972.0,147.0,,
109,44.0,,,,,,,20210306,128121,674515.0,141.0,9020.0,7865.0
110,45.0,,,,,,,20210306,524457,4631323.0,623.0,20659.0,
111,46.0,,,,,,,20210306,113378,314016.0,74.0,6692.0,
112,47.0,,,,,,,20210306,782206,,879.0,18870.0,
113,48.0,,,,,,,20210306,2683865,,4921.0,,
114,49.0,,,,,,,20210306,374438,1557089.0,216.0,14867.0,
115,51.0,,,,,,,20210306,584537,,1164.0,24637.0,48386.0
116,78.0,,,,,,,20210306,2714,46167.0,,,
117,50.0,,,,,,,20210306,15964,319417.0,26.0,,
118,53.0,,,,,,,20210306,343868,,431.0,19556.0,
119,55.0,,,,,,,20210306,621277,2644343.0,260.0,26432.0,
120,54.0,,,,,,,20210306,133290,,196.0,,
121,56.0,,,,,,,20210306,54764,182264.0,21.0,1391.0,
122,2.0,,,,,,,20210305,56886,,33.0,1293.0,
123,1.0,,,,,,,20210305,498887,1924758.0,526.0,45976.0,
124,5.0,,,,,,,20210305,324326,2472738.0,359.0,14903.0,
125,60.0,,,,,,,20210305,0,2140.0,,,
126,4.0,,,,,,,20210305,823384,3050890.0,1043.0,57819.0,118391.0
127,6.0,,,,,,,20210305,3493126,,4714.0,,
128,8.0,,,,,,,20210305,434654,2193953.0,356.0,23863.0,22933.0
129,9.0,,,,,,,20210305,285330,,428.0,12257.0,
130,11.0,,,,,,,20210305,41122,,160.0,,
131,10.0,,,,,,,20210305,87874,542791.0,127.0,,
132,12.0,,,,,,,20210305,1900598,9296590.0,3419.0,81902.0,
133,13.0,,,,,,,20210305,1019509,,2099.0,56627.0,
134,66.0,,,,,,,20210305,7748,112887.0,2.0,,
135,15.0,,,,,,,20210305,28561,,28.0,2225.0,
136,19.0,,,,,,,20210305,281765,1041604.0,176.0,,
137,16.0,,,,,,,20210305,172587,504925.0,139.0,7164.0,
138,17.0,,,,,,,20210305,1194702,,1166.0,,
139,18.0,,,,,,,20210305,665285,2473358.0,730.0,43104.0,434018.0
140,20.0,,,,,,,20210305,295861,974686.0,235.0,9387.0,6473.0
141,21.0,,,,,,,20210305,409345,,606.0,19380.0,
142,22.0,,,,,,,20210305,433045,5241101.0,538.0,,
143,25.0,,,,,,,20210305,588209,4388938.0,716.0,19713.0,
144,24.0,,,,,,,20210305,385678,3024949.0,849.0,35378.0,
145,23.0,,,,,,,20210305,45452,,74.0,1560.0,
146,26.0,,,,,,,20210305,654380,,866.0,,
147,27.0,,,,,,,20210305,488170,3043308.0,224.0,25938.0,
148,29.0,,,,,,,20210305,479966,1872325.0,1019.0,,
149,69.0,,,,,,,20210305,144,17429.0,,4.0,
150,28.0,,,,,,,20210305,296745,1459374.0,445.0,9162.0,
151,30.0,,,,,,,20210305,100656,,67.0,4610.0,
152,37.0,,,,,,,20210305,870149,,1226.0,,819839.0
153,38.0,,,,,,,20210305,100278,305910.0,22.0,3875.0,
154,31.0,,,,,,,20210305,202310,769232.0,143.0,6226.0,
155,33.0,,,,,,,20210305,76422,577690.0,90.0,1126.0,
156,34.0,,,,,,,20210305,806370,10186941.0,1881.0,65254.0,76685.0
157,35.0,,,,,,,20210305,186460,,183.0,13229.0,
158,32.0,,,,,,,20210305,295460,1127378.0,393.0,,
159,36.0,,,,,,,20210305,1666733,,5034.0,89995.0,148923.0
160,39.0,,,,,,,20210305,976230,,919.0,50782.0,
161,40.0,,,,,,,20210305,427558,3135060.0,366.0,24157.0,
162,41.0,,,,,,,20210305,156673,,154.0,8699.0,
163,42.0,,,,,,,20210305,944196,3926038.0,1587.0,,
164,72.0,Puerto Rico,US,14.0,0.0,0.0,,20210305,101066,305972.0,136.0,,
165,72.0,Puerto Rico,US,21.0,1.0,0.0,,20210305,101066,305972.0,136.0,,
166,72.0,Puerto Rico,US,23.0,1.0,0.0,0.0,20210305,101066,305972.0,136.0,,
167,72.0,Puerto Rico,US,3.0,0.0,0.0,,20210305,101066,305972.0,136.0,,
168,72.0,Puerto Rico,US,5.0,0.0,0.0,,20210305,101066,305972.0,136.0,,
169,72.0,Puerto Rico,US,5.0,0.0,0.0,,20210305,101066,305972.0,136.0,,
170,44.0,,,,,,,20210305,128121,674515.0,141.0,9020.0,7865.0
171,45.0,,,,,,,20210305,523258,4603549.0,664.0,20605.0,
172,46.0,,,,,,,20210305,113229,313260.0,74.0,6681.0,
173,47.0,,,,,,,20210305,780894,,939.0,18837.0,
174,48.0,,,,,,,20210305,2678295,,5065.0,,
175,49.0,,,,,,,20210305,373868,1553533.0,238.0,14841.0,
176,51.0,,,,,,,20210305,583060,,1222.0,24514.0,47561.0
177,78.0,,,,,,,20210305,2714,46167.0,,,
178,50.0,,,,,,,20210305,15819,318720.0,26.0,,
179,53.0,,,,,,,20210305,343090,,413.0,19500.0,
180,55.0,,,,,,,20210305,620663,2642182.0,260.0,26387.0,
181,54.0,,,,,,,20210305,132964,,200.0,,
182,56.0,,,,,,,20210305,54764,182264.0,21.0,1391.0,
183,2.0,,,,,,,20210304,56745,,32.0,1290.0,
184,1.0,,,,,,,20210304,498076,1920535.0,544.0,45807.0,
185,5.0,,,,,,,20210304,323756,2464286.0,397.0,14876.0,
186,60.0,,,,,,,20210304,0,2140.0,,,
187,4.0,,,,,,,20210304,821108,3032112.0,1072.0,57747.0,118087.0
188,6.0,,,,,,,20210304,3488467,,4967.0,,
189,8.0,,,,,,,20210304,433021,2188741.0,355.0,23791.0,22875.0
190,9.0,,,,,,,20210304,284500,,433.0,12257.0,
191,11.0,,,,,,,20210304,41014,,170.0,,
192,10.0,,,,,,,20210304,87643,541771.0,130.0,,
193,12.0,,,,,,,20210304,1894722,9269680.0,3566.0,81600.0,
194,13.0,,,,,,,20210304,1017428,,2191.0,56512.0,
195,66.0,,,,,,,20210304,7747,112349.0,5.0,,
196,15.0,,,,,,,20210304,28466,,28.0,2225.0,
197,19.0,,,,,,,20210304,281391,1040055.0,184.0,,
198,16.0,,,,,,,20210304,172288,503691.0,139.0,7144.0,
199,17.0,,,,,,,20210304,1193260,,1200.0,,
200,18.0,,,,,,,20210304,664446,2468877.0,692.0,43044.0,433563.0
201,20.0,,,,,,,20210304,295109,969651.0,203.0,9355.0,6431.0
202,21.0,,,,,,,20210304,408440,,645.0,19364.0,
203,22.0,,,,,,,20210304,432527,5222458.0,554.0,,
204,25.0,,,,,,,20210304,586310,4380031.0,741.0,19713.0,
205,24.0,,,,,,,20210304,384765,3018120.0,856.0,35304.0,
206,23.0,,,,,,,20210304,45227,,69.0,1549.0,
207,26.0,,,,,,,20210304,652589,,890.0,,
208,27.0,,,,,,,20210304,487374,3035998.0,229.0,25896.0,
209,29.0,,,,,,,20210304,479536,1868601.0,999.0,,
210,69.0,,,,,,,20210304,144,17429.0,,4.0,
211,28.0,,,,,,,20210304,296154,1459374.0,448.0,9162.0,
212,30.0,,,,,,,20210304,100531,,73.0,4608.0,
213,37.0,,,,,,,20210304,868056,,1290.0,,819839.0
214,38.0,,,,,,,20210304,100184,305598.0,22.0,3875.0,
215,31.0,,,,,,,20210304,201973,768130.0,151.0,6157.0,
216,33.0,,,,,,,20210304,76178,577245.0,92.0,1127.0,
217,34.0,,,,,,,20210304,802669,10096351.0,1900.0,64137.0,76430.0
218,35.0,,,,,,,20210304,186156,,177.0,13215.0,
219,32.0,,,,,,,20210304,295069,1125254.0,407.0,,
220,36.0,,,,,,,20210304,1657777,,5177.0,89995.0,148355.0
221,39.0,,,,,,,20210304,974480,,1009.0,50695.0,
222,40.0,,,,,,,20210304,426641,3126761.0,404.0,24103.0,
223,41.0,,,,,,,20210304,156287,,165.0,8682.0,
224,42.0,,,,,,,20210304,941439,3915271.0,1628.0,,
225,72.0,Puerto Rico,US,14.0,0.0,0.0,,20210304,100867,305972.0,171.0,,
226,72.0,Puerto Rico,US,21.0,1.0,0.0,,20210304,100867,305972.0,171.0,,
227,72.0,Puerto Rico,US,23.0,1.0,0.0,0.0,20210304,100867,305972.0,171.0,,
228,72.0,Puerto Rico,US,3.0,0.0,0.0,,20210304,100867,305972.0,171.0,,
229,72.0,Puerto Rico,US,5.0,0.0,0.0,,20210304,100867,305972.0,171.0,,
230,72.0,Puerto Rico,US,5.0,0.0,0.0,,20210304,100867,305972.0,171.0,,
231,44.0,,,,,,,20210304,127727,673128.0,148.0,9002.0,7842.0
232,45.0,,,,,,,20210304,521563,4578250.0,734.0,20542.0,
233,46.0,,,,,,,20210304,113065,312421.0,87.0,6664.0,
234,47.0,,,,,,,20210304,779449,,970.0,18779.0,
235,48.0,,,,,,,20210304,2671442,,5263.0,,
236,49.0,,,,,,,20210304,372708,1549760.0,247.0,14783.0,
237,51.0,,,,,,,20210304,581408,,1352.0,24414.0,47259.0
238,78.0,,,,,,,20210304,2704,46007.0,,,
239,50.0,,,,,,,20210304,15686,318086.0,27.0,,
240,53.0,,,,,,,20210304,342236,,461.0,19466.0,
241,55.0,,,,,,,20210304,619942,2639148.0,262.0,26330.0,
242,54.0,,,,,,,20210304,132677,,193.0,,
243,56.0,,,,,,,20210304,54685,181957.0,23.0,1389.0,
244,2.0,,,,,,,20210303,56605,,26.0,1285.0,
245,1.0,,,,,,,20210303,497154,1915545.0,559.0,45723.0,
246,5.0,,,,,,,20210303,323353,2455309.0,397.0,14826.0,
247,60.0,,,,,,,20210303,0,2140.0,,,
248,4.0,,,,,,,20210303,819954,3022710.0,1165.0,57697.0,117776.0
249,6.0,,,,,,,20210303,3484963,,5110.0,,
250,8.0,,,,,,,20210303,431670,2183138.0,389.0,23735.0,22800.0
251,9.0,,,,,,,20210303,283622,,451.0,12257.0,
252,11.0,,,,,,,20210303,40818,,177.0,,
253,10.0,,,,,,,20210303,87425,540964.0,135.0,,
254,12.0,,,,,,,20210303,1888725,9243230.0,3596.0,81278.0,
255,13.0,,,,,,,20210303,1014542,,2299.0,56369.0,
256,66.0,,,,,,,20210303,7745,111925.0,4.0,,
257,15.0,,,,,,,20210303,28407,,26.0,2226.0,
258,19.0,,,,,,,20210303,280991,1038003.0,191.0,,
259,16.0,,,,,,,20210303,171836,502595.0,121.0,7131.0,
260,17.0,,,,,,,20210303,1191520,,1260.0,,
261,18.0,,,,,,,20210303,663511,2464082.0,731.0,42955.0,433108.0
262,20.0,,,,,,,20210303,295109,969651.0,203.0,9355.0,6431.0
263,21.0,,,,,,,20210303,407373,,680.0,19304.0,
264,22.0,,,,,,,20210303,431771,5198424.0,588.0,,
265,25.0,,,,,,,20210303,584743,4371477.0,755.0,19713.0,
266,24.0,,,,,,,20210303,383956,3012179.0,863.0,35223.0,
267,23.0,,,,,,,20210303,45091,,67.0,1545.0,
268,26.0,,,,,,,20210303,650762,,882.0,,
269,27.0,,,,,,,20210303,486434,3021554.0,243.0,25863.0,
270,29.0,,,,,,,20210303,479069,1865013.0,989.0,,
271,69.0,,,,,,,20210303,144,17429.0,,4.0,
272,28.0,,,,,,,20210303,295675,1459374.0,469.0,9162.0,
273,30.0,,,,,,,20210303,100351,,67.0,4600.0,
274,37.0,,,,,,,20210303,865554,,1303.0,,819839.0
275,38.0,,,,,,,20210303,100067,305504.0,20.0,3871.0,
276,31.0,,,,,,,20210303,201608,766781.0,150.0,6147.0,
277,33.0,,,,,,,20210303,75990,575625.0,89.0,1123.0,
278,34.0,,,,,,,20210303,799476,10096351.0,1921.0,64050.0,76174.0
279,35.0,,,,,,,20210303,185898,,195.0,13190.0,
280,32.0,,,,,,,20210303,294684,1122823.0,440.0,,
281,36.0,,,,,,,20210303,1650184,,5323.0,89995.0,147730.0
282,39.0,,,,,,,20210303,972605,,1081.0,50613.0,
283,40.0,,,,,,,20210303,425746,3116303.0,427.0,24064.0,
284,41.0,,,,,,,20210303,156037,,184.0,8653.0,
285,42.0,,,,,,,20210303,938411,3906535.0,1648.0,,
286,72.0,Puerto Rico,US,14.0,0.0,0.0,,20210303,100765,305972.0,169.0,,
287,72.0,Puerto Rico,US,21.0,1.0,0.0,,20210303,100765,305972.0,169.0,,
288,72.0,Puerto Rico,US,23.0,1.0,0.0,0.0,20210303,100765,305972.0,169.0,,
289,72.0,Puerto Rico,US,3.0,0.0,0.0,,20210303,100765,305972.0,169.0,,
290,72.0,Puerto Rico,US,5.0,0.0,0.0,,20210303,100765,305972.0,169.0,,
291,72.0,Puerto Rico,US,5.0,0.0,0.0,,20210303,100765,305972.0,169.0,,
292,44.0,,,,,,,20210303,127285,671542.0,147.0,8982.0,7823.0
293,45.0,,,,,,,20210303,519996,4558148.0,706.0,20501.0,
294,46.0,,,,,,,20210303,112833,311512.0,97.0,6654.0,
295,47.0,,,,,,,20210303,777935,,1033.0,18742.0,
296,48.0,,,,,,,20210303,2663414,,5508.0,,
297,49.0,,,,,,,20210303,372708,1545558.0,247.0,14783.0,
298,51.0,,,,,,,20210303,580108,,1352.0,24354.0,47259.0
299,78.0,,,,,,,20210303,2695,45841.0,,,
300,50.0,,,,,,,20210303,15487,317364.0,24.0,,
301,53.0,,,,,,,20210303,341441,,467.0,19433.0,
302,55.0,,,,,,,20210303,619087,2634999.0,267.0,26279.0,
303,54.0,,,,,,,20210303,132416,,197.0,,
304,56.0,,,,,,,20210303,54616,181681.0,24.0,1388.0,
305,2.0,,,,,,,20210302,56428,,26.0,1286.0,
306,1.0,,,,,,,20210302,494421,1908302.0,631.0,45699.0,
307,5.0,,,,,,,20210302,322949,2448042.0,416.0,14795.0,
308,60.0,,,,,,,20210302,0,2140.0,,,
309,4.0,,,,,,,20210302,818670,3007671.0,1202.0,57591.0,117473.0
310,6.0,,,,,,,20210302,3481611,,5302.0,,
311,8.0,,,,,,,20210302,430615,2178555.0,395.0,23593.0,22751.0
312,9.0,,,,,,,20210302,283128,,413.0,12257.0,
313,11.0,,,,,,,20210302,40767,,177.0,,
314,10.0,,,,,,,20210302,87193,539891.0,151.0,,
315,12.0,,,,,,,20210302,1882865,9225981.0,3674.0,80972.0,
316,13.0,,,,,,,20210302,1011807,,2348.0,56251.0,
317,66.0,,,,,,,20210302,7742,111547.0,4.0,,
318,15.0,,,,,,,20210302,28390,,31.0,2226.0,
319,19.0,,,,,,,20210302,280509,1036107.0,209.0,,
320,16.0,,,,,,,20210302,171462,501356.0,121.0,7111.0,
321,17.0,,,,,,,20210302,1189416,,1231.0,,
322,18.0,,,,,,,20210302,662750,2460279.0,765.0,42862.0,432665.0
323,20.0,,,,,,,20210302,294302,964803.0,165.0,9290.0,6387.0
324,21.0,,,,,,,20210302,406201,,684.0,19234.0,
325,22.0,,,,,,,20210302,431271,5177425.0,629.0,,
326,25.0,,,,,,,20210302,582844,4362966.0,775.0,19444.0,
327,24.0,,,,,,,20210302,383170,3006690.0,896.0,35152.0,
328,23.0,,,,,,,20210302,44944,,69.0,1536.0,
329,26.0,,,,,,,20210302,649057,,959.0,,
330,27.0,,,,,,,20210302,485655,3017033.0,243.0,25826.0,
331,29.0,,,,,,,20210302,478682,1862141.0,1025.0,,
332,69.0,,,,,,,20210302,143,17429.0,,4.0,
333,28.0,,,,,,,20210302,295295,1459374.0,457.0,9162.0,
334,30.0,,,,,,,20210302,100158,,83.0,4591.0,
335,37.0,,,,,,,20210302,863409,,1353.0,,819839.0
336,38.0,,,,,,,20210302,99957,305430.0,24.0,3874.0,
337,31.0,,,,,,,20210302,201346,765676.0,154.0,6140.0,
338,33.0,,,,,,,20210302,75803,576072.0,88.0,1119.0,
339,34.0,,,,,,,20210302,795785,9983526.0,1915.0,63917.0,75917.0
340,35.0,,,,,,,20210302,185542,,199.0,13148.0,
341,32.0,,,,,,,20210302,294289,1120242.0,459.0,,
342,36.0,,,,,,,20210302,1642480,,5369.0,89995.0,147149.0
343,39.0,,,,,,,20210302,970583,,1131.0,50503.0,
344,40.0,,,,,,,20210302,424999,3100280.0,447.0,23999.0,
345,41.0,,,,,,,20210302,155787,,158.0,8621.0,
346,42.0,,,,,,,20210302,935834,3898167.0,1670.0,,
347,72.0,Puerto Rico,US,14.0,0.0,0.0,,20210302,100735,305972.0,162.0,,
348,72.0,Puerto Rico,US,21.0,1.0,0.0,,20210302,100735,305972.0,162.0,,
349,72.0,Puerto Rico,US,23.0,1.0,0.0,0.0,20210302,100735,305972.0,162.0,,
350,72.0,Puerto Rico,US,3.0,0.0,0.0,,20210302,100735,305972.0,162.0,,
351,72.0,Puerto Rico,US,5.0,0.0,0.0,,20210302,100735,305972.0,162.0,,
352,72.0,Puerto Rico,US,5.0,0.0,0.0,,20210302,100735,305972.0,162.0,,
353,44.0,,,,,,,20210302,126849,670284.0,157.0,8966.0,7801.0
354,45.0,,,,,,,20210302,518823,4549598.0,706.0,20428.0,
355,46.0,,,,,,,20210302,112652,310811.0,92.0,6640.0,
356,47.0,,,,,,,20210302,776337,,991.0,18679.0,
357,48.0,,,,,,,20210302,2655592,,5644.0,,
358,49.0,,,,,,,20210302,371979,1541145.0,237.0,14753.0,
359,51.0,,,,,,,20210302,578559,,1345.0,24258.0,47150.0
360,78.0,,,,,,,20210302,2646,45225.0,,,
361,50.0,,,,,,,20210302,15372,317005.0,24.0,,
362,53.0,,,,,,,20210302,340708,,473.0,19372.0,
363,55.0,,,,,,,20210302,618307,2631712.0,275.0,26222.0,
364,54.0,,,,,,,20210302,132184,,210.0,,
365,56.0,,,,,,,20210302,54527,181403.0,24.0,1385.0,
366,2.0,,,,,,,20210301,56339,,25.0,1279.0,
367,1.0,,,,,,,20210301,493769,1905141.0,651.0,45648.0,
368,5.0,,,,,,,20210301,322509,2444369.0,441.0,14763.0,
369,60.0,,,,,,,20210301,0,2140.0,,,
370,4.0,,,,,,,20210301,817821,3002212.0,1241.0,57589.0,117157.0
371,6.0,,,,,,,20210301,3479078,,5409.0,,
372,8.0,,,,,,,20210301,429839,2175502.0,427.0,23550.0,22700.0
373,9.0,,,,,,,20210301,282626,,417.0,12257.0,
374,11.0,,,,,,,20210301,40684,,168.0,,
375,10.0,,,,,,,20210301,87080,539551.0,151.0,,
376,12.0,,,,,,,20210301,1875818,9192789.0,3686.0,80659.0,
377,13.0,,,,,,,20210301,1008660,,2348.0,56089.0,
378,66.0,,,,,,,20210301,7737,109867.0,3.0,,
379,15.0,,,,,,,20210301,28355,,31.0,2214.0,
380,19.0,,,,,,,20210301,280279,1035119.0,197.0,,
381,16.0,,,,,,,20210301,171140,500096.0,162.0,7076.0,
382,17.0,,,,,,,20210301,1187839,,1288.0,,
383,18.0,,,,,,,20210301,662213,2457982.0,763.0,42815.0,432197.0
384,20.0,,,,,,,20210301,294302,964803.0,165.0,9290.0,6387.0
385,21.0,,,,,,,20210301,405126,,719.0,19143.0,
386,22.0,,,,,,,20210301,430504,5155000.0,629.0,,
387,25.0,,,,,,,20210301,582543,4355357.0,788.0,19444.0,
388,24.0,,,,,,,20210301,382702,3003717.0,904.0,35069.0,
389,23.0,,,,,,,20210301,44762,,62.0,1529.0,
390,26.0,,,,,,,20210301,647415,,893.0,,
391,27.0,,,,,,,20210301,485230,3015197.0,230.0,25727.0,
392,29.0,,,,,,,20210301,478416,1859688.0,1066.0,,
393,69.0,,,,,,,20210301,143,17429.0,,4.0,
394,28.0,,,,,,,20210301,294994,1459374.0,455.0,9012.0,
395,30.0,,,,,,,20210301,100003,,68.0,4584.0,
396,37.0,,,,,,,20210301,862170,,1319.0,,819839.0
397,38.0,,,,,,,20210301,99852,305019.0,25.0,3871.0,
398,31.0,,,,,,,20210301,200946,764460.0,158.0,6106.0,
399,33.0,,,,,,,20210301,75588,575922.0,90.0,1118.0,
400,34.0,,,,,,,20210301,792496,9868082.0,1865.0,63777.0,75764.0
401,35.0,,,,,,,20210301,185297,,186.0,13127.0,
402,32.0,,,,,,,20210301,293980,1119425.0,464.0,,
403,36.0,,,,,,,20210301,1636680,,5307.0,89995.0,146811.0
404,39.0,,,,,,,20210301,968847,,1181.0,50382.0,
405,40.0,,,,,,,20210301,424888,3084829.0,484.0,23995.0,
406,41.0,,,,,,,20210301,155597,,177.0,8570.0,
407,42.0,,,,,,,20210301,933270,3889842.0,1715.0,,
408,72.0,Puerto Rico,US,14.0,0.0,0.0,,20210301,100584,305972.0,155.0,,
409,72.0,Puerto Rico,US,21.0,1.0,0.0,,20210301,100584,305972.0,155.0,,
410,72.0,Puerto Rico,US,23.0,1.0,0.0,0.0,20210301,100584,305972.0,155.0,,
411,72.0,Puerto Rico,US,3.0,0.0,0.0,,20210301,100584,305972.0,155.0,,
412,72.0,Puerto Rico,US,5.0,0.0,0.0,,20210301,100584,305972.0,155.0,,
413,72.0,Puerto Rico,US,5.0,0.0,0.0,,20210301,100584,305972.0,155.0,,
414,44.0,,,,,,,20210301,126588,669132.0,162.0,8947.0,7780.0
415,45.0,,,,,,,20210301,517976,4535334.0,725.0,20406.0,
416,46.0,,,,,,,20210301,112470,310347.0,92.0,6632.0,
417,47.0,,,,,,,20210301,775693,,1009.0,18620.0,
418,48.0,,,,,,,20210301,2647845,,5611.0,,
419,49.0,,,,,,,20210301,371492,1538003.0,238.0,14724.0,
420,51.0,,,,,,,20210301,577174,,1321.0,24158.0,47002.0
421,78.0,,,,,,,20210301,2646,45225.0,,,
422,50.0,,,,,,,20210301,15284,316758.0,29.0,,
423,53.0,,,,,,,20210301,339773,,498.0,19319.0,
424,55.0,,,,,,,20210301,617700,2629622.0,287.0,26158.0,
425,54.0,,,,,,,20210301,132048,,225.0,,
426,56.0,,,,,,,20210301,54471,181196.0,28.0,1384.0,
427,2.0,,,,,,,20210228,55989,,43.0,1277.0,
428,1.0,,,,,,,20210228,493252,1903691.0,657.0,45428.0,
429,5.0,,,,,,,20210228,322415,2441857.0,455.0,14763.0,
430,60.0,,,,,,,20210228,0,2140.0,,,
431,4.0,,,,,,,20210228,816782,2996831.0,1251.0,57599.0,116866.0
432,6.0,,,,,,,20210228,3475562,,5674.0,,
433,8.0,,,,,,,20210228,428303,2172628.0,404.0,23476.0,22652.0
434,9.0,,,,,,,20210228,279946,,451.0,12257.0,
435,11.0,,,,,,,20210228,40598,,163.0,,
436,10.0,,,,,,,20210228,86799,538644.0,142.0,,
437,12.0,,,,,,,20210228,1874154,9185534.0,3679.0,80572.0,
438,13.0,,,,,,,20210228,1006521,,2341.0,56039.0,
439,66.0,,,,,,,20210228,7736,109867.0,4.0,,
440,15.0,,,,,,,20210228,28326,,30.0,2214.0,
441,19.0,,,,,,,20210228,280039,1033790.0,196.0,,
442,16.0,,,,,,,20210228,171140,500096.0,162.0,7076.0,
443,17.0,,,,,,,20210228,1186696,,1265.0,,
444,18.0,,,,,,,20210228,661673,2455528.0,778.0,42775.0,431636.0
445,20.0,,,,,,,20210228,293663,960800.0,258.0,9249.0,6343.0
446,21.0,,,,,,,20210228,404622,,732.0,19101.0,
447,22.0,,,,,,,20210228,430100,5147067.0,630.0,,
448,25.0,,,,,,,20210228,581148,4348539.0,760.0,19444.0,
449,24.0,,,,,,,20210228,382099,2999585.0,868.0,35000.0,
450,23.0,,,,,,,20210228,44634,,72.0,1527.0,
451,26.0,,,,,,,20210228,645550,,841.0,,
452,27.0,,,,,,,20210228,484594,3008703.0,263.0,25719.0,
453,29.0,,,,,,,20210228,478224,1857446.0,1172.0,,
454,69.0,,,,,,,20210228,143,17429.0,,4.0,
455,28.0,,,,,,,20210228,294795,1436186.0,492.0,9012.0,
456,30.0,,,,,,,20210228,99954,,68.0,4581.0,
457,37.0,,,,,,,20210228,858548,,1414.0,,795521.0
458,38.0,,,,,,,20210228,99809,304951.0,21.0,3867.0,
459,31.0,,,,,,,20210228,200848,764004.0,151.0,6102.0,
460,33.0,,,,,,,20210228,75424,576603.0,87.0,1118.0,
461,34.0,,,,,,,20210228,789356,9868082.0,1849.0,63713.0,75576.0
462,35.0,,,,,,,20210228,185132,,192.0,13108.0,
463,32.0,,,,,,,20210228,293754,1117229.0,491.0,,
464,36.0,,,,,,,20210228,1630445,,5259.0,89995.0,146374.0
465,39.0,,,,,,,20210228,967422,,1149.0,50279.0,
466,40.0,,,,,,,20210228,424508,3084829.0,484.0,23985.0,
467,41.0,,,,,,,20210228,155315,,177.0,8570.0,
468,42.0,,,,,,,20210228,931642,3884586.0,1720.0,,
469,72.0,Puerto Rico,US,14.0,0.0,0.0,,20210228,100297,305972.0,150.0,,
470,72.0,Puerto Rico,US,21.0,1.0,0.0,,20210228,100297,305972.0,150.0,,
471,72.0,Puerto Rico,US,23.0,1.0,0.0,0.0,20210228,100297,305972.0,150.0,,
472,72.0,Puerto Rico,US,3.0,0.0,0.0,,20210228,100297,305972.0,150.0,,
473,72.0,Puerto Rico,US,5.0,0.0,0.0,,20210228,100297,305972.0,150.0,,
474,72.0,Puerto Rico,US,5.0,0.0,0.0,,20210228,100297,305972.0,150.0,,
475,44.0,,,,,,,20210228,126436,668442.0,168.0,8900.0,7731.0
476,45.0,,,,,,,20210228,516823,4510915.0,769.0,20387.0,
477,46.0,,,,,,,20210228,112427,310122.0,89.0,6626.0,
478,47.0,,,,,,,20210228,775004,,1004.0,18605.0,
479,48.0,,,,,,,20210228,2644024,,5696.0,,
480,49.0,,,,,,,20210228,371235,1535603.0,230.0,14695.0,
481,51.0,,,,,,,20210228,576050,,1323.0,24115.0,46935.0
482,78.0,,,,,,,20210228,2646,45225.0,,,
483,50.0,,,,,,,20210228,15198,315878.0,26.0,,
484,53.0,,,,,,,20210228,339773,,498.0,19319.0,
485,55.0,,,,,,,20210228,617367,2626796.0,290.0,26127.0,
486,54.0,,,,,,,20210228,131855,,239.0,,
487,56.0,,,,,,,20210228,54394,180826.0,25.0,1382.0,
488,2.0,,,,,,,20210227,55989,,43.0,1277.0,
489,1.0,,,,,,,20210227,492683,1900915.0,622.0,45428.0,
490,5.0,,,,,,,20210227,319195,2389866.0,475.0,14763.0,
491,60.0,,,,,,,20210227,0,2140.0,,,
492,4.0,,,,,,,20210227,815707,2986896.0,1317.0,57508.0,116543.0
493,6.0,,,,,,,20210227,3470877,,5897.0,,
494,8.0,,,,,,,20210227,427462,2167955.0,393.0,23459.0,22622.0
495,9.0,,,,,,,20210227,279946,,451.0,12257.0,
496,11.0,,,,,,,20210227,40478,,171.0,,
497,10.0,,,,,,,20210227,86517,537607.0,159.0,,
498,12.0,,,,,,,20210227,1868769,9162962.0,3728.0,80467.0,
499,13.0,,,,,,,20210227,1004187,,2405.0,55963.0,
500,66.0,,,,,,,20210227,7735,109867.0,4.0,,
501,15.0,,,,,,,20210227,28270,,30.0,2214.0,
502,19.0,,,,,,,20210227,279744,1032263.0,181.0,,
503,16.0,,,,,,,20210227,170907,499231.0,162.0,7065.0,
504,17.0,,,,,,,20210227,1185447,,1353.0,,
505,18.0,,,,,,,20210227,660942,2451232.0,800.0,42736.0,431515.0
506,20.0,,,,,,,20210227,293663,960800.0,258.0,9249.0,6343.0
507,21.0,,,,,,,20210227,403947,,765.0,19090.0,
508,22.0,,,,,,,20210227,428592,5116086.0,651.0,,
509,25.0,,,,,,,20210227,579680,4340080.0,785.0,19444.0,
510,24.0,,,,,,,20210227,381272,2993098.0,892.0,34927.0,
511,23.0,,,,,,,20210227,44492,,74.0,1525.0,
512,26.0,,,,,,,20210227,645550,,841.0,,
513,27.0,,,,,,,20210227,483790,2999036.0,263.0,25714.0,
514,29.0,,,,,,,20210227,477950,1854790.0,1209.0,,
515,69.0,,,,,,,20210227,143,17429.0,,4.0,
516,28.0,,,,,,,20210227,294091,1436186.0,492.0,9012.0,
517,30.0,,,,,,,20210227,99837,,68.0,4579.0,
518,37.0,,,,,,,20210227,858548,,1414.0,,795521.0
519,38.0,,,,,,,20210227,99780,304810.0,21.0,3866.0,
520,31.0,,,,,,,20210227,200681,763406.0,154.0,6099.0,
521,33.0,,,,,,,20210227,75166,576446.0,93.0,1114.0,
522,34.0,,,,,,,20210227,786967,9868082.0,1919.0,63664.0,75331.0
523,35.0,,,,,,,20210227,184888,,227.0,13097.0,
524,32.0,,,,,,,20210227,293488,1115359.0,491.0,,
525,36.0,,,,,,,20210227,1622865,,5445.0,89995.0,145672.0
526,39.0,,,,,,,20210227,966154,,1204.0,50197.0,
527,40.0,,,,,,,20210227,423802,3084829.0,484.0,23909.0,
528,41.0,,,,,,,20210227,154878,,177.0,8570.0,
529,42.0,,,,,,,20210227,929697,3876216.0,1785.0,,
530,72.0,Puerto Rico,US,14.0,0.0,0.0,,20210227,100044,305972.0,174.0,,
531,72.0,Puerto Rico,US,21.0,1.0,0.0,,20210227,100044,305972.0,174.0,,
532,72.0,Puerto Rico,US,23.0,1.0,0.0,0.0,20210227,100044,305972.0,174.0,,
533,72.0,Puerto Rico,US,3.0,0.0,0.0,,20210227,100044,305972.0,174.0,,
534,72.0,Puerto Rico,US,5.0,0.0,0.0,,20210227,100044,305972.0,174.0,,
535,72.0,Puerto Rico,US,5.0,0.0,0.0,,20210227,100044,305972.0,174.0,,
536,44.0,,,,,,,20210227,126093,666805.0,168.0,8900.0,7731.0
537,45.0,,,,,,,20210227,515072,4485388.0,865.0,20340.0,
538,46.0,,,,,,,20210227,112293,309734.0,91.0,6610.0,
539,47.0,,,,,,,20210227,773887,,1038.0,18586.0,
540,48.0,,,,,,,20210227,2640209,,5912.0,,
541,49.0,,,,,,,20210227,370770,1532559.0,252.0,14664.0,
542,51.0,,,,,,,20210227,574314,,1374.0,24091.0,46748.0
543,78.0,,,,,,,20210227,2646,45225.0,,,
544,50.0,,,,,,,20210227,15098,315231.0,30.0,,
545,53.0,,,,,,,20210227,338822,,498.0,19275.0,
546,55.0,,,,,,,20210227,616886,2623498.0,304.0,26088.0,
547,54.0,,,,,,,20210227,131580,,237.0,,
548,56.0,,,,,,,20210227,54350,180826.0,25.0,1381.0,
549,2.0,,,,,,,20210226,55989,,43.0,1277.0,
550,1.0,,,,,,,20210226,491849,1896419.0,691.0,45428.0,
551,5.0,,,,,,,20210226,318638,2382628.0,504.0,14747.0,
552,60.0,,,,,,,20210226,0,2140.0,,,
553,4.0,,,,,,,20210226,814528,2980441.0,1354.0,57460.0,116223.0
554,6.0,,,,,,,20210226,3465726,,6152.0,,
555,8.0,,,,,,,20210226,426198,2162933.0,409.0,23438.0,22585.0
556,9.0,,,,,,,20210226,279946,,451.0,12257.0,
557,11.0,,,,,,,20210226,40284,,179.0,,
558,10.0,,,,,,,20210226,86098,536182.0,156.0,,
559,12.0,,,,,,,20210226,1863453,9137648.0,3864.0,80238.0,
560,13.0,,,,,,,20210226,1000822,,2476.0,55778.0,
561,66.0,,,,,,,20210226,7734,109867.0,4.0,,
562,15.0,,,,,,,20210226,28166,,30.0,2214.0,
563,19.0,,,,,,,20210226,279429,1030990.0,196.0,,
564,16.0,,,,,,,20210226,170595,498100.0,143.0,7057.0,
565,17.0,,,,,,,20210226,1183667,,1393.0,,
566,18.0,,,,,,,20210226,660071,2446355.0,781.0,42708.0,431198.0
567,20.0,,,,,,,20210226,293663,960800.0,258.0,9249.0,6343.0
568,21.0,,,,,,,20210226,402926,,818.0,18981.0,
569,22.0,,,,,,,20210226,428592,5116086.0,651.0,,
570,25.0,,,,,,,20210226,577980,4331641.0,807.0,19444.0,
571,24.0,,,,,,,20210226,380436,2986551.0,943.0,34848.0,
572,23.0,,,,,,,20210226,44295,,68.0,1519.0,
573,26.0,,,,,,,20210226,644125,,841.0,,
574,27.0,,,,,,,20210226,482978,2993564.0,263.0,25683.0,
575,29.0,,,,,,,20210226,477472,1851725.0,1214.0,,
576,69.0,,,,,,,20210226,143,17429.0,,4.0,
577,28.0,,,,,,,20210226,293542,1436186.0,522.0,9012.0,
578,30.0,,,,,,,20210226,99613,,76.0,4571.0,
579,37.0,,,,,,,20210226,855905,,1465.0,,795521.0
580,38.0,,,,,,,20210226,99711,304347.0,21.0,3864.0,
581,31.0,,,,,,,20210226,200403,762246.0,166.0,6088.0,
582,33.0,,,,,,,20210226,74893,575460.0,95.0,1109.0,
583,34.0,,,,,,,20210226,782833,9807667.0,2008.0,63560.0,75061.0
584,35.0,,,,,,,20210226,184736,,226.0,13079.0,
585,32.0,,,,,,,20210226,293029,1114940.0,509.0,,
586,36.0,,,,,,,20210226,1614724,,5626.0,89995.0,144991.0
587,39.0,,,,,,,20210226,964380,,1235.0,50118.0,
588,40.0,,,,,,,20210226,423023,3077988.0,526.0,23879.0,
589,41.0,,,,,,,20210226,154554,,181.0,8551.0,
590,42.0,,,,,,,20210226,926336,3863935.0,1897.0,,
591,72.0,Puerto Rico,US,14.0,0.0,0.0,,20210226,99860,305972.0,169.0,,
592,72.0,Puerto Rico,US,21.0,1.0,0.0,,20210226,99860,305972.0,169.0,,
593,72.0,Puerto Rico,US,23.0,1.0,0.0,0.0,20210226,99860,305972.0,169.0,,
594,72.0,Puerto Rico,US,3.0,0.0,0.0,,20210226,99860,305972.0,169.0,,
595,72.0,Puerto Rico,US,5.0,0.0,0.0,,20210226,99860,305972.0,169.0,,
596,72.0,Puerto Rico,US,5.0,0.0,0.0,,20210226,99860,305972.0,169.0,,
597,44.0,,,,,,,20210226,125622,665579.0,168.0,8900.0,7731.0
598,45.0,,,,,,,20210226,513295,4453146.0,916.0,20275.0,
599,46.0,,,,,,,20210226,112107,309181.0,96.0,6591.0,
600,47.0,,,,,,,20210226,772513,,1432.0,18553.0,
601,48.0,,,,,,,20210226,2629136,,6185.0,,
602,49.0,,,,,,,20210226,370084,1529094.0,254.0,14628.0,
603,51.0,,,,,,,20210226,572639,,1481.0,23978.0,46568.0
604,78.0,,,,,,,20210226,2636,45074.0,,,
605,50.0,,,,,,,20210226,14963,314298.0,25.0,,
606,53.0,,,,,,,20210226,337653,,548.0,19224.0,
607,55.0,,,,,,,20210226,616018,2620297.0,304.0,26013.0,
608,54.0,,,,,,,20210226,131234,,267.0,,
609,56.0,,,,,,,20210226,54350,180826.0,25.0,1381.0,
610,2.0,,,,,,,20210225,55886,,45.0,1271.0,
611,1.0,,,,,,,20210225,491110,1891548.0,722.0,45312.0,
612,5.0,,,,,,,20210225,318122,2376434.0,522.0,14649.0,
613,60.0,,,,,,,20210225,0,2140.0,,,
614,4.0,,,,,,,20210225,812907,2970392.0,1385.0,57390.0,115891.0
615,6.0,,,,,,,20210225,3460326,,6520.0,,
616,8.0,,,,,,,20210225,424677,2156899.0,412.0,23385.0,22526.0
617,9.0,,,,,,,20210225,279159,,485.0,12257.0,
618,11.0,,,,,,,20210225,40122,,205.0,,
619,10.0,,,,,,,20210225,85801,534965.0,164.0,,
620,12.0,,,,,,,20210225,1857670,9110793.0,3957.0,79956.0,
621,13.0,,,,,,,20210225,997388,,2583.0,55604.0,
622,66.0,,,,,,,20210225,7730,109535.0,4.0,,
623,15.0,,,,,,,20210225,28088,,34.0,2209.0,
624,19.0,,,,,,,20210225,278883,1029613.0,227.0,,
625,16.0,,,,,,,20210225,170289,497063.0,143.0,7044.0,
626,17.0,,,,,,,20210225,1181226,,1463.0,,
627,18.0,,,,,,,20210225,659127,2440984.0,889.0,42672.0,430655.0
628,20.0,,,,,,,20210225,292837,955931.0,214.0,9189.0,6297.0
629,21.0,,,,,,,20210225,401750,,843.0,18888.0,
630,22.0,,,,,,,20210225,427689,5093408.0,679.0,,
631,25.0,,,,,,,20210225,575993,4322172.0,853.0,19444.0,
632,24.0,,,,,,,20210225,379466,2979131.0,952.0,34759.0,
633,23.0,,,,,,,20210225,44117,,67.0,1521.0,
634,26.0,,,,,,,20210225,642868,,821.0,,
635,27.0,,,,,,,20210225,481831,2984254.0,265.0,25625.0,
636,29.0,,,,,,,20210225,477078,1848736.0,1202.0,,
637,69.0,,,,,,,20210225,143,17429.0,,4.0,
638,28.0,,,,,,,20210225,292811,1436186.0,534.0,9012.0,
639,30.0,,,,,,,20210225,99445,,75.0,4567.0,
640,37.0,,,,,,,20210225,852981,,1498.0,,795521.0
641,38.0,,,,,,,20210225,99621,303910.0,25.0,3863.0,
642,31.0,,,,,,,20210225,200106,760841.0,160.0,6082.0,
643,33.0,,,,,,,20210225,74568,574809.0,97.0,1106.0,
644,34.0,,,,,,,20210225,778963,9756055.0,2032.0,63441.0,74797.0
645,35.0,,,,,,,20210225,184080,,245.0,13054.0,
646,32.0,,,,,,,20210225,292630,1111490.0,532.0,,
647,36.0,,,,,,,20210225,1606520,,5703.0,89995.0,144322.0
648,39.0,,,,,,,20210225,962404,,1262.0,49951.0,
649,40.0,,,,,,,20210225,422156,3034289.0,491.0,23813.0,
650,41.0,,,,,,,20210225,154062,,191.0,8528.0,
651,42.0,,,,,,,20210225,922990,3852446.0,1962.0,,
652,72.0,Puerto Rico,US,14.0,0.0,0.0,,20210225,99619,305972.0,184.0,,
653,72.0,Puerto Rico,US,21.0,1.0,0.0,,20210225,99619,305972.0,184.0,,
654,72.0,Puerto Rico,US,23.0,1.0,0.0,0.0,20210225,99619,305972.0,184.0,,
655,72.0,Puerto Rico,US,3.0,0.0,0.0,,20210225,99619,305972.0,184.0,,
656,72.0,Puerto Rico,US,5.0,0.0,0.0,,20210225,99619,305972.0,184.0,,
657,72.0,Puerto Rico,US,5.0,0.0,0.0,,20210225,99619,305972.0,184.0,,
658,44.0,,,,,,,20210225,125185,663947.0,163.0,8875.0,7713.0
659,45.0,,,,,,,20210225,511546,4421446.0,939.0,20195.0,
660,46.0,,,,,,,20210225,111964,308601.0,100.0,6589.0,
661,47.0,,,,,,,20210225,770940,,1139.0,18506.0,
662,48.0,,,,,,,20210225,2621181,,6724.0,,
663,49.0,,,,,,,20210225,369433,1525558.0,248.0,14597.0,
664,51.0,,,,,,,20210225,570982,,1488.0,23871.0,46430.0
665,78.0,,,,,,,20210225,2623,44650.0,,,
666,50.0,,,,,,,20210225,14840,313356.0,30.0,,
667,53.0,,,,,,,20210225,336565,,534.0,19211.0,
668,55.0,,,,,,,20210225,615225,2615455.0,355.0,25954.0,
669,54.0,,,,,,,20210225,130813,,282.0,,
670,56.0,,,,,,,20210225,54202,180468.0,20.0,1377.0,
671,2.0,,,,,,,20210224,55736,,46.0,1260.0,
672,1.0,,,,,,,20210224,490220,1885151.0,773.0,45250.0,
673,5.0,,,,,,,20210224,317396,2367951.0,545.0,14649.0,
674,60.0,,,,,,,20210224,0,2140.0,,,
675,4.0,,,,,,,20210224,811968,2960197.0,1449.0,57156.0,115531.0
676,6.0,,,,,,,20210224,3455361,,6764.0,,
677,8.0,,,,,,,20210224,423558,2149917.0,427.0,23349.0,22473.0
678,9.0,,,,,,,20210224,278184,,495.0,12257.0,
679,11.0,,,,,,,20210224,39943,,211.0,,
680,10.0,,,,,,,20210224,85506,533904.0,182.0,,
681,12.0,,,,,,,20210224,1851151,9080964.0,4077.0,79675.0,
682,13.0,,,,,,,20210224,994061,,2615.0,55394.0,
683,66.0,,,,,,,20210224,7729,109164.0,6.0,,
684,15.0,,,,,,,20210224,28050,,37.0,2204.0,
685,19.0,,,,,,,20210224,278410,1027492.0,233.0,,
686,16.0,,,,,,,20210224,169866,495851.0,110.0,7033.0,
687,17.0,,,,,,,20210224,1179342,,1511.0,,
688,18.0,,,,,,,20210224,658043,2435646.0,886.0,42635.0,430062.0
689,20.0,,,,,,,20210224,292837,955931.0,214.0,9189.0,6297.0
690,21.0,,,,,,,20210224,400307,,883.0,18859.0,
691,22.0,,,,,,,20210224,426925,5040972.0,687.0,,
692,25.0,,,,,,,20210224,573885,4311159.0,875.0,19444.0,
693,24.0,,,,,,,20210224,378490,2972600.0,960.0,34672.0,
694,23.0,,,,,,,20210224,43900,,74.0,1515.0,
695,26.0,,,,,,,20210224,641270,,855.0,,
696,27.0,,,,,,,20210224,480845,2972750.0,292.0,25579.0,
697,29.0,,,,,,,20210224,476351,1843214.0,1182.0,,
698,69.0,,,,,,,20210224,143,17429.0,,4.0,
699,28.0,,,,,,,20210224,291891,1436186.0,554.0,9012.0,
700,30.0,,,,,,,20210224,99242,,97.0,4559.0,
701,37.0,,,,,,,20210224,849630,,1530.0,,795521.0
702,38.0,,,,,,,20210224,99531,303582.0,28.0,3860.0,
703,31.0,,,,,,,20210224,199782,759715.0,178.0,6059.0,
704,33.0,,,,,,,20210224,74258,573210.0,103.0,1101.0,
705,34.0,,,,,,,20210224,775386,9712105.0,2070.0,63252.0,74524.0
706,35.0,,,,,,,20210224,183781,,251.0,13024.0,
707,32.0,,,,,,,20210224,292059,1108772.0,534.0,,
708,36.0,,,,,,,20210224,1597774,,5876.0,89995.0,143659.0
709,39.0,,,,,,,20210224,959995,,1338.0,49788.0,
710,40.0,,,,,,,20210224,421010,3024431.0,591.0,23768.0,
711,41.0,,,,,,,20210224,153645,,191.0,8496.0,
712,42.0,,,,,,,20210224,920634,3843793.0,1972.0,,
713,72.0,Puerto Rico,US,14.0,0.0,0.0,,20210224,99519,305972.0,242.0,,
714,72.0,Puerto Rico,US,21.0,1.0,0.0,,20210224,99519,305972.0,242.0,,
715,72.0,Puerto Rico,US,23.0,1.0,0.0,0.0,20210224,99519,305972.0,242.0,,
716,72.0,Puerto Rico,US,3.0,0.0,0.0,,20210224,99519,305972.0,242.0,,
717,72.0,Puerto Rico,US,5.0,0.0,0.0,,20210224,99519,305972.0,242.0,,
718,72.0,Puerto Rico,US,5.0,0.0,0.0,,20210224,99519,305972.0,242.0,,
719,44.0,,,,,,,20210224,124718,662136.0,168.0,8850.0,7685.0
720,45.0,,,,,,,20210224,509044,4396259.0,968.0,20117.0,
721,46.0,,,,,,,20210224,111808,308019.0,102.0,6570.0,
722,47.0,,,,,,,20210224,768946,,1142.0,18430.0,
723,48.0,,,,,,,20210224,2613792,,6738.0,,
724,49.0,,,,,,,20210224,368601,1521375.0,252.0,14554.0,
725,51.0,,,,,,,20210224,568946,,1564.0,23798.0,46208.0
726,78.0,,,,,,,20210224,2613,44366.0,,,
727,50.0,,,,,,,20210224,14768,312998.0,32.0,,
728,53.0,,,,,,,20210224,335693,,544.0,19160.0,
729,55.0,,,,,,,20210224,614260,2603118.0,347.0,25893.0,
730,54.0,,,,,,,20210224,130382,,292.0,,
731,56.0,,,,,,,20210224,53988,180228.0,25.0,1374.0,
732,2.0,,,,,,,20210223,55560,,38.0,1260.0,
733,1.0,,,,,,,20210223,488973,1882180.0,762.0,45250.0,
734,5.0,,,,,,,20210223,316593,2359571.0,545.0,14617.0,
735,60.0,,,,,,,20210223,0,2140.0,,,
736,4.0,,,,,,,20210223,810658,2953210.0,1515.0,57072.0,115176.0
737,6.0,,,,,,,20210223,3450058,,6908.0,,
738,8.0,,,,,,,20210223,422390,2143029.0,447.0,23293.0,22409.0
739,9.0,,,,,,,20210223,276691,,511.0,12257.0,
740,11.0,,,,,,,20210223,39844,,211.0,,
741,10.0,,,,,,,20210223,85228,532673.0,181.0,,
742,12.0,,,,,,,20210223,1844228,9051605.0,4198.0,79410.0,
743,13.0,,,,,,,20210223,990821,,2696.0,55167.0,
744,66.0,,,,,,,20210223,7727,108733.0,4.0,,
745,15.0,,,,,,,20210223,28000,,37.0,2196.0,
746,19.0,,,,,,,20210223,277821,1025391.0,227.0,,
747,16.0,,,,,,,20210223,169584,494773.0,110.0,7007.0,
748,17.0,,,,,,,20210223,1177320,,1488.0,,
749,18.0,,,,,,,20210223,657037,2431692.0,873.0,42557.0,429382.0
750,20.0,,,,,,,20210223,291715,951784.0,214.0,9103.0,6235.0
751,21.0,,,,,,,20210223,399013,,894.0,18768.0,
752,22.0,,,,,,,20210223,426048,5020119.0,715.0,,
753,25.0,,,,,,,20210223,571783,4299958.0,879.0,19176.0,
754,24.0,,,,,,,20210223,377628,2967660.0,978.0,34577.0,
755,23.0,,,,,,,20210223,43736,,67.0,1511.0,
756,26.0,,,,,,,20210223,639712,,891.0,,
757,27.0,,,,,,,20210223,480091,2967997.0,269.0,25528.0,
758,29.0,,,,,,,20210223,475791,1840357.0,1127.0,,
759,69.0,,,,,,,20210223,143,17429.0,,4.0,
760,28.0,,,,,,,20210223,291222,1436186.0,571.0,9012.0,
761,30.0,,,,,,,20210223,99040,,85.0,4554.0,
762,37.0,,,,,,,20210223,846284,,1563.0,,795521.0
763,38.0,,,,,,,20210223,99416,303267.0,31.0,3859.0,
764,31.0,,,,,,,20210223,199402,758267.0,166.0,6048.0,
765,33.0,,,,,,,20210223,73923,571901.0,112.0,1095.0,
766,34.0,,,,,,,20210223,772267,9674485.0,2047.0,63190.0,74286.0
767,35.0,,,,,,,20210223,183335,,261.0,12989.0,
768,32.0,,,,,,,20210223,291543,1106648.0,581.0,,
769,36.0,,,,,,,20210223,1591585,,5977.0,89995.0,143071.0
770,39.0,,,,,,,20210223,958153,,1359.0,49651.0,
771,40.0,,,,,,,20210223,420212,3009878.0,602.0,23700.0,
772,41.0,,,,,,,20210223,153134,,191.0,8457.0,
773,42.0,,,,,,,20210223,917848,3834470.0,1963.0,,
774,72.0,Puerto Rico,US,14.0,0.0,0.0,,20210223,99476,305972.0,225.0,,
775,72.0,Puerto Rico,US,21.0,1.0,0.0,,20210223,99476,305972.0,225.0,,
776,72.0,Puerto Rico,US,23.0,1.0,0.0,0.0,20210223,99476,305972.0,225.0,,
777,72.0,Puerto Rico,US,3.0,0.0,0.0,,20210223,99476,305972.0,225.0,,
778,72.0,Puerto Rico,US,5.0,0.0,0.0,,20210223,99476,305972.0,225.0,,
779,72.0,Puerto Rico,US,5.0,0.0,0.0,,20210223,99476,305972.0,225.0,,
780,44.0,,,,,,,20210223,124262,660536.0,170.0,8835.0,7668.0
781,45.0,,,,,,,20210223,506912,4342713.0,977.0,20024.0,
782,46.0,,,,,,,20210223,111546,307241.0,91.0,6548.0,
783,47.0,,,,,,,20210223,767315,,1129.0,18363.0,
784,48.0,,,,,,,20210223,2606275,,7014.0,,
785,49.0,,,,,,,20210223,367789,1517013.0,271.0,14520.0,
786,51.0,,,,,,,20210223,567039,,1621.0,23698.0,46052.0
787,78.0,,,,,,,20210223,2589,43897.0,,,
788,50.0,,,,,,,20210223,14691,312572.0,37.0,,
789,53.0,,,,,,,20210223,334962,,565.0,19110.0,
790,55.0,,,,,,,20210223,613419,2598601.0,347.0,25838.0,
791,54.0,,,,,,,20210223,130139,,296.0,,
792,56.0,,,,,,,20210223,53944,179431.0,21.0,1373.0,
793,2.0,,,,,,,20210222,55507,,39.0,1251.0,
794,1.0,,,,,,,20210222,487520,1877930.0,862.0,45128.0,
795,5.0,,,,,,,20210222,315759,2355211.0,588.0,14570.0,
796,60.0,,,,,,,20210222,0,2140.0,,,
797,4.0,,,,,,,20210222,809474,2948102.0,1590.0,56994.0,114855.0
798,6.0,,,,,,,20210222,3446611,,7165.0,,
799,8.0,,,,,,,20210222,421294,2139035.0,433.0,23183.0,22364.0
800,9.0,,,,,,,20210222,275334,,500.0,12257.0,
801,11.0,,,,,,,20210222,39755,,207.0,,
802,10.0,,,,,,,20210222,85090,532452.0,182.0,,
803,12.0,,,,,,,20210222,1838745,9029719.0,4175.0,79096.0,
804,13.0,,,,,,,20210222,987041,,2760.0,54883.0,
805,66.0,,,,,,,20210222,7727,108141.0,5.0,,
806,15.0,,,,,,,20210222,27953,,54.0,2210.0,
807,19.0,,,,,,,20210222,277580,1024290.0,222.0,,
808,16.0,,,,,,,20210222,169150,493294.0,142.0,6983.0,
809,17.0,,,,,,,20210222,1175655,,1504.0,,
810,18.0,,,,,,,20210222,656358,2429196.0,878.0,42500.0,428623.0
811,20.0,,,,,,,20210222,291715,951784.0,214.0,9103.0,6235.0
812,21.0,,,,,,,20210222,397526,,870.0,18625.0,
813,22.0,,,,,,,20210222,424644,4999299.0,740.0,,
814,25.0,,,,,,,20210222,570546,4292030.0,888.0,19176.0,
815,24.0,,,,,,,20210222,376966,2964696.0,992.0,34493.0,
816,23.0,,,,,,,20210222,43594,,72.0,1508.0,
817,26.0,,,,,,,20210222,637928,,841.0,,
818,27.0,,,,,,,20210222,479591,2965954.0,235.0,25478.0,
819,29.0,,,,,,,20210222,475348,1838390.0,1206.0,,
820,69.0,,,,,,,20210222,143,17429.0,,4.0,
821,28.0,,,,,,,20210222,290874,1436186.0,560.0,8978.0,
822,30.0,,,,,,,20210222,98810,,78.0,4527.0,
823,37.0,,,,,,,20210222,844770,,1567.0,,795521.0
824,38.0,,,,,,,20210222,99312,302972.0,38.0,3860.0,
825,31.0,,,,,,,20210222,199045,757334.0,161.0,6031.0,
826,33.0,,,,,,,20210222,73665,571476.0,109.0,1093.0,
827,34.0,,,,,,,20210222,769109,9566182.0,2023.0,63172.0,74109.0
828,35.0,,,,,,,20210222,183023,,247.0,12938.0,
829,32.0,,,,,,,20210222,291145,1103209.0,580.0,,
830,36.0,,,,,,,20210222,1584931,,5804.0,89995.0,142724.0
831,39.0,,,,,,,20210222,955378,,1374.0,49492.0,
832,40.0,,,,,,,20210222,419853,2996195.0,620.0,23684.0,
833,41.0,,,,,,,20210222,152818,,206.0,8403.0,
834,42.0,,,,,,,20210222,915018,3827159.0,1963.0,,
835,72.0,Puerto Rico,US,14.0,0.0,0.0,,20210222,99257,305972.0,233.0,,
836,72.0,Puerto Rico,US,21.0,1.0,0.0,,20210222,99257,305972.0,233.0,,
837,72.0,Puerto Rico,US,23.0,1.0,0.0,0.0,20210222,99257,305972.0,233.0,,
838,72.0,Puerto Rico,US,3.0,0.0,0.0,,20210222,99257,305972.0,233.0,,
839,72.0,Puerto Rico,US,5.0,0.0,0.0,,20210222,99257,305972.0,233.0,,
840,72.0,Puerto Rico,US,5.0,0.0,0.0,,20210222,99257,305972.0,233.0,,
841,44.0,,,,,,,20210222,123980,659066.0,186.0,8815.0,7648.0
842,45.0,,,,,,,20210222,505589,4342713.0,993.0,19994.0,
843,46.0,,,,,,,20210222,111334,306570.0,91.0,6537.0,
844,47.0,,,,,,,20210222,766089,,1128.0,18311.0,
845,48.0,,,,,,,20210222,2594466,,6964.0,,
846,49.0,,,,,,,20210222,367073,1513740.0,265.0,14466.0,
847,51.0,,,,,,,20210222,565270,,1540.0,23530.0,45892.0
848,78.0,,,,,,,20210222,2579,43693.0,,,
849,50.0,,,,,,,20210222,14608,311508.0,38.0,,
850,53.0,,,,,,,20210222,333794,,608.0,19033.0,
851,55.0,,,,,,,20210222,612712,2595614.0,348.0,25775.0,
852,54.0,,,,,,,20210222,129854,,294.0,,
853,56.0,,,,,,,20210222,53900,179431.0,21.0,1372.0,
854,2.0,,,,,,,20210221,55198,,34.0,1243.0,
855,1.0,,,,,,,20210221,486843,1875829.0,867.0,44767.0,
856,5.0,,,,,,,20210221,315514,2352972.0,577.0,14540.0,
857,60.0,,,,,,,20210221,0,2140.0,,,
858,4.0,,,,,,,20210221,807967,2940237.0,1598.0,56946.0,114497.0
859,6.0,,,,,,,20210221,3441946,,7313.0,,
860,8.0,,,,,,,20210221,420614,2135251.0,440.0,23169.0,22316.0
861,9.0,,,,,,,20210221,273101,,535.0,12257.0,
862,11.0,,,,,,,20210221,39648,,196.0,,
863,10.0,,,,,,,20210221,84732,531605.0,175.0,,
864,12.0,,,,,,,20210221,1834708,9012223.0,4160.0,78946.0,
865,13.0,,,,,,,20210221,985505,,2778.0,54753.0,
866,66.0,,,,,,,20210221,7720,106994.0,5.0,,
867,15.0,,,,,,,20210221,27904,,42.0,2182.0,
868,19.0,,,,,,,20210221,277268,1022903.0,229.0,,
869,16.0,,,,,,,20210221,169150,493294.0,142.0,6983.0,
870,17.0,,,,,,,20210221,1174409,,1468.0,,
871,18.0,,,,,,,20210221,655541,2428352.0,870.0,42445.0,427828.0
872,20.0,,,,,,,20210221,290832,947591.0,290.0,9071.0,6206.0
873,21.0,,,,,,,20210221,396997,,902.0,18601.0,
874,22.0,,,,,,,20210221,424176,4992511.0,756.0,,
875,25.0,,,,,,,20210221,569284,4284944.0,927.0,19176.0,
876,24.0,,,,,,,20210221,376355,2960703.0,973.0,34439.0,
877,23.0,,,,,,,20210221,43497,,75.0,1506.0,
878,26.0,,,,,,,20210221,636269,,860.0,,
879,27.0,,,,,,,20210221,479036,2960755.0,282.0,25455.0,
880,29.0,,,,,,,20210221,474997,1836185.0,1234.0,,
881,69.0,,,,,,,20210221,143,17429.0,,4.0,
882,28.0,,,,,,,20210221,290632,1393383.0,563.0,8978.0,
883,30.0,,,,,,,20210221,98779,,78.0,4522.0,
884,37.0,,,,,,,20210221,842637,,1647.0,,765456.0
885,38.0,,,,,,,20210221,99277,302885.0,40.0,3857.0,
886,31.0,,,,,,,20210221,198949,756992.0,163.0,6034.0,
887,33.0,,,,,,,20210221,73413,571296.0,109.0,1093.0,
888,34.0,,,,,,,20210221,766405,9566182.0,2065.0,63108.0,73920.0
889,35.0,,,,,,,20210221,182789,,242.0,12916.0,
890,32.0,,,,,,,20210221,290972,1101946.0,639.0,,
891,36.0,,,,,,,20210221,1578785,,5764.0,89995.0,142307.0
892,39.0,,,,,,,20210221,953767,,1434.0,49372.0,
893,40.0,,,,,,,20210221,419354,2996195.0,620.0,23667.0,
894,41.0,,,,,,,20210221,152711,,206.0,8403.0,
895,42.0,,,,,,,20210221,913497,3822646.0,1959.0,,
896,72.0,Puerto Rico,US,14.0,0.0,0.0,,20210221,99084,305972.0,217.0,,
897,72.0,Puerto Rico,US,21.0,1.0,0.0,,20210221,99084,305972.0,217.0,,
898,72.0,Puerto Rico,US,23.0,1.0,0.0,0.0,20210221,99084,305972.0,217.0,,
899,72.0,Puerto Rico,US,3.0,0.0,0.0,,20210221,99084,305972.0,217.0,,
900,72.0,Puerto Rico,US,5.0,0.0,0.0,,20210221,99084,305972.0,217.0,,
901,72.0,Puerto Rico,US,5.0,0.0,0.0,,20210221,99084,305972.0,217.0,,
902,44.0,,,,,,,20210221,123821,658279.0,177.0,8870.0,7705.0
903,45.0,,,,,,,20210221,504149,4343561.0,1013.0,19966.0,
904,46.0,,,,,,,20210221,111304,306471.0,90.0,6524.0,
905,47.0,,,,,,,20210221,765137,,1128.0,18284.0,
906,48.0,,,,,,,20210221,2588101,,7146.0,,
907,49.0,,,,,,,20210221,366735,1511410.0,263.0,14445.0,
908,51.0,,,,,,,20210221,564115,,1548.0,23481.0,45746.0
909,78.0,,,,,,,20210221,2575,43564.0,,,
910,50.0,,,,,,,20210221,14493,310790.0,39.0,,
911,53.0,,,,,,,20210221,333794,,608.0,19033.0,
912,55.0,,,,,,,20210221,612240,2592363.0,353.0,25743.0,
913,54.0,,,,,,,20210221,129616,,289.0,,
914,56.0,,,,,,,20210221,53795,178648.0,31.0,1369.0,
915,2.0,,,,,,,20210220,55198,,34.0,1243.0,
916,1.0,,,,,,,20210220,485986,1872725.0,895.0,44767.0,
917,5.0,,,,,,,20210220,315230,2350951.0,605.0,14526.0,
918,60.0,,,,,,,20210220,0,2140.0,,,
919,4.0,,,,,,,20210220,806163,2931160.0,1650.0,56872.0,114119.0
920,6.0,,,,,,,20210220,3435186,,7747.0,,
921,8.0,,,,,,,20210220,419812,2130803.0,437.0,23156.0,22270.0
922,9.0,,,,,,,20210220,273101,,535.0,12257.0,
923,11.0,,,,,,,20210220,39553,,206.0,,
924,10.0,,,,,,,20210220,84531,530918.0,178.0,,
925,12.0,,,,,,,20210220,1829773,8989547.0,4213.0,78840.0,
926,13.0,,,,,,,20210220,983747,,2840.0,54647.0,
927,66.0,,,,,,,20210220,7716,106994.0,5.0,,
928,15.0,,,,,,,20210220,27837,,42.0,2182.0,
929,19.0,,,,,,,20210220,276966,1021641.0,238.0,,
930,16.0,,,,,,,20210220,168953,492368.0,142.0,6973.0,
931,17.0,,,,,,,20210220,1172824,,1551.0,,
932,18.0,,,,,,,20210220,654660,2421585.0,923.0,42378.0,427682.0
933,20.0,,,,,,,20210220,290832,947591.0,290.0,9071.0,6206.0
934,21.0,,,,,,,20210220,396018,,921.0,18555.0,
935,22.0,,,,,,,20210220,422287,4967843.0,806.0,,
936,25.0,,,,,,,20210220,567764,4276228.0,970.0,19176.0,
937,24.0,,,,,,,20210220,375737,2956317.0,1049.0,34355.0,
938,23.0,,,,,,,20210220,43367,,75.0,1505.0,
939,26.0,,,,,,,20210220,636269,,860.0,,
940,27.0,,,,,,,20210220,478157,2950728.0,282.0,25426.0,
941,29.0,,,,,,,20210220,474587,1833540.0,1257.0,,
942,69.0,,,,,,,20210220,135,17429.0,,4.0,
943,28.0,,,,,,,20210220,290242,1393383.0,563.0,8978.0,
944,30.0,,,,,,,20210220,98641,,78.0,4517.0,
945,37.0,,,,,,,20210220,840096,,1708.0,,765456.0
946,38.0,,,,,,,20210220,99228,302687.0,39.0,3856.0,
947,31.0,,,,,,,20210220,198751,756304.0,170.0,6032.0,
948,33.0,,,,,,,20210220,73161,570489.0,109.0,1092.0,
949,34.0,,,,,,,20210220,764374,9566182.0,2145.0,63062.0,73643.0
950,35.0,,,,,,,20210220,182475,,278.0,12901.0,
951,32.0,,,,,,,20210220,290671,1100139.0,639.0,,
952,36.0,,,,,,,20210220,1572175,,5977.0,89995.0,141592.0
953,39.0,,,,,,,20210220,952306,,1454.0,49317.0,
954,40.0,,,,,,,20210220,418318,2996195.0,620.0,23606.0,
955,41.0,,,,,,,20210220,152190,,206.0,8403.0,
956,42.0,,,,,,,20210220,911591,3815778.0,2060.0,,
957,72.0,Puerto Rico,US,14.0,0.0,0.0,,20210220,98835,305972.0,215.0,,
958,72.0,Puerto Rico,US,21.0,1.0,0.0,,20210220,98835,305972.0,215.0,,
959,72.0,Puerto Rico,US,23.0,1.0,0.0,0.0,20210220,98835,305972.0,215.0,,
960,72.0,Puerto Rico,US,3.0,0.0,0.0,,20210220,98835,305972.0,215.0,,
961,72.0,Puerto Rico,US,5.0,0.0,0.0,,20210220,98835,305972.0,215.0,,
962,72.0,Puerto Rico,US,5.0,0.0,0.0,,20210220,98835,305972.0,215.0,,
963,44.0,,,,,,,20210220,123548,656943.0,177.0,8870.0,7705.0
964,45.0,,,,,,,20210220,501277,4309050.0,1086.0,19899.0,
965,46.0,,,,,,,20210220,111165,306170.0,95.0,6509.0,
966,47.0,,,,,,,20210220,764008,,1123.0,18267.0,
967,48.0,,,,,,,20210220,2583617,,7535.0,,
968,49.0,,,,,,,20210220,366034,1507875.0,260.0,14421.0,
969,51.0,,,,,,,20210220,561812,,1594.0,23436.0,45667.0
970,78.0,,,,,,,20210220,2575,43564.0,,,
971,50.0,,,,,,,20210220,14359,309335.0,39.0,,
972,53.0,,,,,,,20210220,332904,,608.0,18969.0,
973,55.0,,,,,,,20210220,611789,2588501.0,370.0,25716.0,
974,54.0,,,,,,,20210220,129364,,292.0,,
975,56.0,,,,,,,20210220,53683,178648.0,31.0,1367.0,
976,2.0,,,,,,,20210219,55198,,34.0,1243.0,
977,1.0,,,,,,,20210219,485212,1867861.0,951.0,44767.0,
978,5.0,,,,,,,20210219,314713,2348207.0,630.0,14500.0,
979,60.0,,,,,,,20210219,0,2140.0,,,
980,4.0,,,,,,,20210219,804116,2918905.0,1738.0,56732.0,113697.0
981,6.0,,,,,,,20210219,3428518,,8156.0,,
982,8.0,,,,,,,20210219,418695,2126610.0,451.0,23101.0,22202.0
983,9.0,,,,,,,20210219,273101,,535.0,12257.0,
984,11.0,,,,,,,20210219,39461,,209.0,,
985,10.0,,,,,,,20210219,84181,529807.0,173.0,,
986,12.0,,,,,,,20210219,1822644,8956962.0,4298.0,78590.0,
987,13.0,,,,,,,20210219,980411,,2973.0,54434.0,
988,66.0,,,,,,,20210219,7715,106994.0,5.0,,
989,15.0,,,,,,,20210219,27778,,42.0,2182.0,
990,19.0,,,,,,,20210219,276621,1020693.0,241.0,,
991,16.0,,,,,,,20210219,168639,491263.0,164.0,6964.0,
992,17.0,,,,,,,20210219,1170902,,1596.0,,
993,18.0,,,,,,,20210219,653245,2416621.0,948.0,42333.0,427275.0
994,20.0,,,,,,,20210219,290832,947591.0,290.0,9071.0,6206.0
995,21.0,,,,,,,20210219,394687,,923.0,18438.0,
996,22.0,,,,,,,20210219,422287,4967843.0,806.0,,
997,25.0,,,,,,,20210219,565794,4267078.0,990.0,19176.0,
998,24.0,,,,,,,20210219,374974,2951435.0,1016.0,34265.0,
999,23.0,,,,,,,20210219,43224,,87.0,1503.0,
1000,26.0,,,,,,,20210219,635446,,860.0,,
1001,27.0,,,,,,,20210219,477287,2943682.0,282.0,25368.0,
1002,29.0,,,,,,,20210219,474021,1830931.0,1254.0,,
1003,69.0,,,,,,,20210219,135,17429.0,,4.0,
1004,28.0,,,,,,,20210219,289892,1393383.0,560.0,8978.0,
1005,30.0,,,,,,,20210219,98377,,96.0,4506.0,
1006,37.0,,,,,,,20210219,836650,,1780.0,,765456.0
1007,38.0,,,,,,,20210219,99153,301973.0,36.0,3847.0,
1008,31.0,,,,,,,20210219,198442,755340.0,185.0,6009.0,
1009,33.0,,,,,,,20210219,72767,568939.0,116.0,1092.0,
1010,34.0,,,,,,,20210219,761498,9566182.0,2202.0,62958.0,73429.0
1011,35.0,,,,,,,20210219,182050,,278.0,12891.0,
1012,32.0,,,,,,,20210219,290300,1098605.0,670.0,,
1013,36.0,,,,,,,20210219,1564483,,6155.0,89995.0,140968.0
1014,39.0,,,,,,,20210219,949695,,1493.0,49213.0,
1015,40.0,,,,,,,20210219,417345,2992254.0,663.0,23537.0,
1016,41.0,,,,,,,20210219,151713,,199.0,8380.0,
1017,42.0,,,,,,,20210219,908773,3807727.0,2061.0,,
1018,72.0,Puerto Rico,US,14.0,0.0,0.0,,20210219,98624,305972.0,214.0,,
1019,72.0,Puerto Rico,US,21.0,1.0,0.0,,20210219,98624,305972.0,214.0,,
1020,72.0,Puerto Rico,US,23.0,1.0,0.0,0.0,20210219,98624,305972.0,214.0,,
1021,72.0,Puerto Rico,US,3.0,0.0,0.0,,20210219,98624,305972.0,214.0,,
1022,72.0,Puerto Rico,US,5.0,0.0,0.0,,20210219,98624,305972.0,214.0,,
1023,72.0,Puerto Rico,US,5.0,0.0,0.0,,20210219,98624,305972.0,214.0,,
1024,44.0,,,,,,,20210219,123145,655694.0,177.0,8870.0,7705.0
1025,45.0,,,,,,,20210219,497937,4282791.0,1122.0,19796.0,
1026,46.0,,,,,,,20210219,111018,305524.0,91.0,6492.0,
1027,47.0,,,,,,,20210219,762673,,1095.0,18235.0,
1028,48.0,,,,,,,20210219,2577131,,7757.0,,
1029,49.0,,,,,,,20210219,365256,1504344.0,276.0,14382.0,
1030,51.0,,,,,,,20210219,559930,,1671.0,23369.0,45524.0
1031,78.0,,,,,,,20210219,2565,43359.0,,,
1032,50.0,,,,,,,20210219,14251,308771.0,39.0,,
1033,53.0,,,,,,,20210219,332007,,600.0,18934.0,
1034,55.0,,,,,,,20210219,610974,2584375.0,370.0,25635.0,
1035,54.0,,,,,,,20210219,129055,,293.0,,
1036,56.0,,,,,,,20210219,53683,178648.0,31.0,1367.0,
1037,2.0,,,,,,,20210218,55009,,37.0,1243.0,
1038,1.0,,,,,,,20210218,484365,1863597.0,1003.0,44767.0,
1039,5.0,,,,,,,20210218,314445,2346008.0,625.0,14469.0,
1040,60.0,,,,,,,20210218,0,2140.0,,,
1041,4.0,,,,,,,20210218,802198,2906702.0,1823.0,56090.0,113271.0
1042,6.0,,,,,,,20210218,3421720,,8566.0,,
1043,8.0,,,,,,,20210218,417415,2121224.0,462.0,23047.0,22163.0
1044,9.0,,,,,,,20210218,271903,,568.0,12257.0,
1045,11.0,,,,,,,20210218,39301,,211.0,,
1046,10.0,,,,,,,20210218,83852,528642.0,197.0,,
1047,12.0,,,,,,,20210218,1816108,8929261.0,4367.0,78295.0,
1048,13.0,,,,,,,20210218,976732,,3117.0,54173.0,
1049,66.0,,,,,,,20210218,7705,106621.0,6.0,,
1050,15.0,,,,,,,20210218,27717,,39.0,2179.0,
1051,19.0,,,,,,,20210218,276229,1019327.0,252.0,,
1052,16.0,,,,,,,20210218,168353,489866.0,164.0,6947.0,
1053,17.0,,,,,,,20210218,1168683,,1655.0,,
1054,18.0,,,,,,,20210218,652210,2413132.0,966.0,42246.0,426507.0
1055,20.0,,,,,,,20210218,288717,940581.0,300.0,9002.0,6137.0
1056,21.0,,,,,,,20210218,392729,,935.0,18314.0,
1057,22.0,,,,,,,20210218,421846,4956423.0,823.0,,
1058,25.0,,,,,,,20210218,563976,4258278.0,1029.0,19176.0,
1059,24.0,,,,,,,20210218,373966,2944984.0,1048.0,34168.0,
1060,23.0,,,,,,,20210218,43090,,89.0,1495.0,
1061,26.0,,,,,,,20210218,633973,,877.0,,
1062,27.0,,,,,,,20210218,476292,2932333.0,287.0,25341.0,
1063,29.0,,,,,,,20210218,473459,1828169.0,1281.0,,
1064,69.0,,,,,,,20210218,135,17429.0,,4.0,
1065,28.0,,,,,,,20210218,289532,1393383.0,565.0,8978.0,
1066,30.0,,,,,,,20210218,98100,,109.0,4484.0,
1067,37.0,,,,,,,20210218,833423,,1892.0,,765456.0
1068,38.0,,,,,,,20210218,99034,301973.0,31.0,3845.0,
1069,31.0,,,,,,,20210218,198042,754169.0,188.0,5997.0,
1070,33.0,,,,,,,20210218,72399,567795.0,126.0,1085.0,
1071,34.0,,,,,,,20210218,758451,9502664.0,2327.0,62835.0,73106.0
1072,35.0,,,,,,,20210218,181739,,284.0,12848.0,
1073,32.0,,,,,,,20210218,289880,1096898.0,698.0,,
1074,36.0,,,,,,,20210218,1555773,,6434.0,89995.0,140215.0
1075,39.0,,,,,,,20210218,947389,,1516.0,49061.0,
1076,40.0,,,,,,,20210218,416476,2987185.0,705.0,23464.0,
1077,41.0,,,,,,,20210218,151257,,220.0,8346.0,
1078,42.0,,,,,,,20210218,905995,3799916.0,2124.0,,
1079,72.0,Puerto Rico,US,14.0,0.0,0.0,,20210218,98506,305972.0,233.0,,
1080,72.0,Puerto Rico,US,21.0,1.0,0.0,,20210218,98506,305972.0,233.0,,
1081,72.0,Puerto Rico,US,23.0,1.0,0.0,0.0,20210218,98506,305972.0,233.0,,
1082,72.0,Puerto Rico,US,3.0,0.0,0.0,,20210218,98506,305972.0,233.0,,
1083,72.0,Puerto Rico,US,5.0,0.0,0.0,,20210218,98506,305972.0,233.0,,
1084,72.0,Puerto Rico,US,5.0,0.0,0.0,,20210218,98506,305972.0,233.0,,
1085,44.0,,,,,,,20210218,122859,654308.0,180.0,8846.0,7679.0
1086,45.0,,,,,,,20210218,495044,4257415.0,1137.0,19701.0,
1087,46.0,,,,,,,20210218,110871,304951.0,92.0,6475.0,
1088,47.0,,,,,,,20210218,761301,,1250.0,18175.0,
1089,48.0,,,,,,,20210218,2574194,,7874.0,,
